{"playerName":"george2​","playerPositsion":{"x":4.618605613708496,"y":1.350000023841858,"z":-12.421822547912598},"playerScore":90,"goodCollectibles":[{"x":-6.368818283081055,"y":1.350000023841858,"z":15.747893333435059},{"x":-12.863933563232422,"y":1.350000023841858,"z":6.667506217956543},{"x":-9.179290771484375,"y":1.350000023841858,"z":16.975116729736329}],"badCollectibles":[]}